{
  "id": "3520863",
  "name": "好客租房",
  "font_family": "iconfont",
  "css_prefix_text": "icon-",
  "description": "",
  "glyphs": [
    {
      "icon_id": "6331957",
      "name": "床",
      "font_class": "chuang",
      "unicode": "e662",
      "unicode_decimal": 58978
    },
    {
      "icon_id": "8974240",
      "name": "热水器",
      "font_class": "reshuiqi",
      "unicode": "e611",
      "unicode_decimal": 58897
    },
    {
      "icon_id": "5387965",
      "name": "盾牌保险认证_o",
      "font_class": "renzheng",
      "unicode": "eba0",
      "unicode_decimal": 60320
    },
    {
      "icon_id": "15923382",
      "name": "衣柜",
      "font_class": "yigui",
      "unicode": "e7eb",
      "unicode_decimal": 59371
    },
    {
      "icon_id": "425646",
      "name": "冰箱",
      "font_class": "bingxiang",
      "unicode": "e625",
      "unicode_decimal": 58917
    },
    {
      "icon_id": "425661",
      "name": "空调",
      "font_class": "kongdiao",
      "unicode": "e632",
      "unicode_decimal": 58930
    },
    {
      "icon_id": "658047",
      "name": "无线网络",
      "font_class": "wuxianwangluo",
      "unicode": "e66c",
      "unicode_decimal": 58988
    },
    {
      "icon_id": "658907",
      "name": "洗衣机",
      "font_class": "xiyiji",
      "unicode": "e67d",
      "unicode_decimal": 59005
    },
    {
      "icon_id": "1367319",
      "name": "煤气天然气",
      "font_class": "meiqitianranqi",
      "unicode": "e60f",
      "unicode_decimal": 58895
    },
    {
      "icon_id": "2271315",
      "name": "电视",
      "font_class": "dianshi",
      "unicode": "e680",
      "unicode_decimal": 59008
    },
    {
      "icon_id": "6420507",
      "name": "暖气",
      "font_class": "nuanqi-",
      "unicode": "e610",
      "unicode_decimal": 58896
    },
    {
      "icon_id": "4175511",
      "name": "下箭头",
      "font_class": "xiajiantou",
      "unicode": "eb6d",
      "unicode_decimal": 60269
    },
    {
      "icon_id": "15391383",
      "name": "地图",
      "font_class": "ditu",
      "unicode": "e622",
      "unicode_decimal": 58914
    },
    {
      "icon_id": "386440",
      "name": "查找房源",
      "font_class": "zhaofang",
      "unicode": "e629",
      "unicode_decimal": 58921
    },
    {
      "icon_id": "629343",
      "name": "首页",
      "font_class": "shouye",
      "unicode": "e64f",
      "unicode_decimal": 58959
    },
    {
      "icon_id": "629357",
      "name": "搜索",
      "font_class": "sousuo",
      "unicode": "e651",
      "unicode_decimal": 58961
    },
    {
      "icon_id": "1111848",
      "name": "个人资料",
      "font_class": "gerenziliao",
      "unicode": "e601",
      "unicode_decimal": 58881
    },
    {
      "icon_id": "1249059",
      "name": "联系我们",
      "font_class": "lianxiwomen",
      "unicode": "e60e",
      "unicode_decimal": 58894
    },
    {
      "icon_id": "1450444",
      "name": "地图找房",
      "font_class": "dituzhaofang",
      "unicode": "e624",
      "unicode_decimal": 58916
    },
    {
      "icon_id": "1450463",
      "name": "资讯",
      "font_class": "zixun",
      "unicode": "e62d",
      "unicode_decimal": 58925
    },
    {
      "icon_id": "2325914",
      "name": "记录",
      "font_class": "jilu",
      "unicode": "e636",
      "unicode_decimal": 58934
    },
    {
      "icon_id": "2578456",
      "name": "我的",
      "font_class": "wode",
      "unicode": "e60d",
      "unicode_decimal": 58893
    },
    {
      "icon_id": "6234406",
      "name": "我的收藏",
      "font_class": "shoucang",
      "unicode": "e62e",
      "unicode_decimal": 58926
    },
    {
      "icon_id": "7092363",
      "name": "信用卡",
      "font_class": "fangzhu",
      "unicode": "e73f",
      "unicode_decimal": 59199
    }
  ]
}
